,City,Room Type,Rent Price,Surface Size,Available in date,URL
0,Sas van Gent, - Kamer ," € 450,-  incl. G/W/E ",21 m2," Maak een account aan en kom in contact met huurders, verhuurders en huisgenoten! Heb je al een account? Log in",https://kamernet.nl/huren/kamer-sas-van-gent/schulpenpad/kamer-2036197
1,Den Haag, - Kamer ," € 520,-  ",10 m2,Je zoekopdracht zal bewaard worden gebaseerd op:Maak mijn profiel zichtbaar voor verhuurders en huisgenoten gebaseerd op deze zoekopdrachtAnnulerenZoekopdracht bewaren Met een bewaarde zoekopdracht blijf je op de hoogte van nieuw geplaatste woningen en is jouw openbare profiel zichtbaar voor verhuurders en huisgenoten. Je kunt jouw bewaarde zoekopdrachten bekijken en wijzigen via Mijn zoekopdrachten. ,https://kamernet.nl/huren/kamer-sas-van-gent/schulpenpad/kamer-2036197
2,Enschede, - Kamer ," € 240,-  incl. G/W/E ",12 m2,AnnulerenZoekopdracht bewaren,https://kamernet.nl/huren/kamer-den-haag/theresiastraat/kamer-2036224
3,Delft, - Kamer ," € 450,-  incl. G/W/E ",12 m2,Annuleren,https://kamernet.nl/huren/kamer-den-haag/theresiastraat/kamer-2036224
4,Enschede, - Kamer ," € 433,-  ",14 m2,,https://kamernet.nl/huren/kamer-enschede/lipperkerkstraat/kamer-2036221
5,Nijmegen, - Appartement ," € 864,-  incl. G/W/E ",45 m2,,https://kamernet.nl/huren/kamer-enschede/lipperkerkstraat/kamer-2036221
6,Rotterdam, - Kamer ," € 485,-  incl. G/W/E ",13 m2,,https://kamernet.nl/huren/kamer-delft/roland-holstlaan/kamer-2036214
7,Almere, - Studio ," € 825,-  incl. G/W/E ",29 m2,,https://kamernet.nl/huren/kamer-delft/roland-holstlaan/kamer-2036214
8,Schiedam, - Kamer ," € 595,-  incl. G/W/E ",25 m2,   Man   Vrouw   Gemengd ,https://kamernet.nl/huren/kamer-enschede/hanenberglanden/kamer-2036211
9,Amsterdam, - Appartement ," € 1685,-  incl. G/W/E ",50 m2, 18-04-'22 - 18-04-'23 ,https://kamernet.nl/huren/kamer-enschede/hanenberglanden/kamer-2036211
10,Groningen, - Appartement ," € 1275,-  ",54 m2, 01-06-'22 - Onbepaalde tijd ,https://kamernet.nl/huren/appartement-nijmegen/laan-van-oost-indie/appartement-2029796
11,Enschede, - Studio ," € 800,-  incl. G/W/E ",50 m2, 30-06-'22 - Onbepaalde tijd ,https://kamernet.nl/huren/appartement-nijmegen/laan-van-oost-indie/appartement-2029796
12,Amsterdam, - Appartement ," € 1000,-  ",50 m2, 16-05-'22 - 31-07-'22 ,https://kamernet.nl/huren/kamer-rotterdam/heymansstraat/kamer-2034864
13,Den Haag, - Appartement ," € 1250,-  ",70 m2, 09-05-'22 - Onbepaalde tijd ,https://kamernet.nl/huren/kamer-rotterdam/heymansstraat/kamer-2034864
14,Enschede, - Kamer ," € 270,-  ",20 m2, 17-04-'22 - Onbepaalde tijd ,https://kamernet.nl/huren/studio-almere/schoutstraat/studio-2036156
15,Almere, - Kamer ," € 600,-  incl. G/W/E ",12 m2, 01-05-'22 - 30-06-'22 ,https://kamernet.nl/huren/studio-almere/schoutstraat/studio-2036156
16,Amsterdam, - Kamer ," € 750,-  incl. G/W/E ",10 m2, 16-05-'22 - Onbepaalde tijd ,https://kamernet.nl/huren/kamer-schiedam/professor-kamerlingh-onneslaan/kamer-2035520
17,Amsterdam, - Kamer ," € 950,-  incl. G/W/E ",20 m2, 01-05-'22 - Onbepaalde tijd ,https://kamernet.nl/huren/kamer-schiedam/professor-kamerlingh-onneslaan/kamer-2035520
18,Enschede, - Kamer ," € 307,-  incl. G/W/E ",20 m2, 01-05-'22 - 01-11-'23 ,https://kamernet.nl/huren/appartement-amsterdam/albert-cuypstraat/appartement-2032845
19,Sneek, - Kamer ," € 425,-  incl. G/W/E ",12 m2, 01-04-'22 - Onbepaalde tijd ,https://kamernet.nl/huren/appartement-amsterdam/albert-cuypstraat/appartement-2032845
20,Groningen, - Appartement ," € 995,-  ",45 m2, 04-01-'22 - Onbepaalde tijd ,https://kamernet.nl/huren/appartement-groningen/winschoterdiep/appartement-2031548
21,Schiedam, - Kamer ," € 395,-  incl. G/W/E ",22 m2, 28-04-'22 - Onbepaalde tijd ,https://kamernet.nl/huren/appartement-groningen/winschoterdiep/appartement-2031548
22,Rotterdam, - Kamer ," € 650,-  ",13 m2, 25-04-'22 - Onbepaalde tijd ,https://kamernet.nl/huren/studio-enschede/haaksbergerstraat/studio-2035807
23,Amsterdam, - Appartement ," € 1200,-  ",30 m2, 20-08-'21 - Onbepaalde tijd ,https://kamernet.nl/huren/studio-enschede/haaksbergerstraat/studio-2035807
24,Arnhem, - Studio ," € 590,-  incl. G/W/E ",20 m2, 01-04-'22 - Onbepaalde tijd ,https://kamernet.nl/huren/appartement-amsterdam/gouden-leeuw/appartement-2035821
25,Breda, - Kamer ," € 460,-  incl. G/W/E ",28 m2, 31-08-'22 - Onbepaalde tijd ,https://kamernet.nl/huren/appartement-amsterdam/gouden-leeuw/appartement-2035821
26,Utrecht, - Kamer ," € 550,-  ",15 m2, 01-12-'21 - 28-02-'22 ,https://kamernet.nl/huren/appartement-den-haag/johan-gramstraat/appartement-2035406
27,Tilburg, - Kamer ," € 350,-  incl. G/W/E ",16 m2, 01-07-'22 - Onbepaalde tijd ,https://kamernet.nl/huren/appartement-den-haag/johan-gramstraat/appartement-2035406
28,Rotterdam, - Kamer ," € 485,-  incl. G/W/E ",11 m2, 01-05-'22 - Onbepaalde tijd ,https://kamernet.nl/huren/kamer-enschede/noorderhagen/kamer-1981767
29,Rotterdam, - Studio ," € 895,-  incl. G/W/E ",28 m2, 01-07-'22 - Onbepaalde tijd ,https://kamernet.nl/huren/kamer-enschede/noorderhagen/kamer-1981767
